transaction_id,date,Product_name
PIU-1562366166,12/1/2020,Natural Chip Compny SeaSalt175g
PIU-1562365387,12/1/2020,CCs Nacho Cheese 175g
PIU-1562366042,12/1/2020,Smiths Crinkle Cut Chips Chicken 170g
PIU-1562366042,12/1/2020,Smiths Chip Thinly S/Cream&Onion 175g
PIU-1562366042,12/1/2020,Kettle Tortilla ChpsHny&Jlpno Chili 150g
PIU-1562366149,12/1/2020,Smiths Crinkle Cut Chips Chicken 170g
PIU-1562366143,12/1/2020,Smiths Crinkle Chips Salt & Vinegar 330g
PIU-1562365773,12/1/2020,Grain Waves Sweet Chilli 210g
PIU-1562365773,12/1/2020,Doritos Corn Chip Mexican Jalapeno 150g
PIU-1562365773,12/1/2020,Smiths Crinkle Cut Chips Chicken 170g
PIU-1562366167,12/1/2020,Smiths Crinkle Cut Chips Chicken 170g
PIU-1562366167,12/1/2020,Infzns Crn Crnchers Tangy Gcamole 110g
PIU-1562366133,12/1/2020,Kettle Sensations Siracha Lime 150g
PIU-1562367278,12/2/2020,Smiths Crinkle Cut Chips Chicken 170g
PIU-1562367278,12/2/2020,Smiths Crinkle Chips Salt & Vinegar 330g
PIU-1562367224,12/2/2020,Smiths Chip Thinly S/Cream&Onion 175g
PIU-1562367224,12/2/2020,Smiths Crinkle Cut Chips Chicken 170g
PIU-1562367224,12/2/2020,WW Crinkle Cut Chicken 175g
PIU-1562367490,12/2/2020,Smiths Crinkle Chips Salt & Vinegar 330g
PIU-1562367313,12/2/2020,Red Rock Deli Thai Chilli&Lime 150g
PIU-1562367313,12/2/2020,Smiths Crinkle Original 330g
PIU-1562366303,12/1/2020,Smiths Chip Thinly S/Cream&Onion 175g
PIU-1562367094,12/2/2020,WW Crinkle Cut Chicken 175g
PIU-1562367094,12/2/2020,Grain Waves Sour Cream&Chives 210G
PIU-1562367289,12/2/2020,Smiths Crinkle Cut Chips Chicken 170g
PIU-1562367291,12/2/2020,Smiths Chip Thinly S/Cream&Onion 175g
PIU-1562368023,12/3/2020,Old El Paso Salsa Dip Tomato Mild 300g
PIU-1562368023,12/3/2020,Natural Chip Compny SeaSalt175g
PIU-1562368392,12/3/2020,Kettle Sensations Siracha Lime 150g
PIU-1562367617,12/2/2020,Smiths Chip Thinly S/Cream&Onion 175g
PIU-1562367617,12/2/2020,Red Rock Deli Thai Chilli&Lime 150g
PIU-1562367617,12/2/2020,Grain Waves Sweet Chilli 210g
PIU-1562367617,12/2/2020,Smiths Crinkle Chips Salt & Vinegar 330g
PIU-1562368364,12/3/2020,Old El Paso Salsa Dip Tomato Mild 300g
PIU-1562368364,12/3/2020,Thins Chips Originl saltd 175g
PIU-1562368607,12/3/2020,Infzns Crn Crnchers Tangy Gcamole 110g
PIU-1562368607,12/3/2020,Pringles Sweet&Spcy BBQ 134g
PIU-1562368607,12/3/2020,Doritos Mexicana 170g
PIU-1562368536,12/3/2020,Smiths Chip Thinly S/Cream&Onion 175g
PIU-1562368536,12/3/2020,Smiths Crinkle Cut French OnionDip 150g
PIU-1562368417,12/3/2020,Smiths Chip Thinly S/Cream&Onion 175g
PIU-1562368417,12/3/2020,Grain Waves Sweet Chilli 210g
PIU-1562369483,12/4/2020,Natural Chip Compny SeaSalt175g
PIU-1562369483,12/4/2020,Kettle Sensations Siracha Lime 150g
PIU-1562369095,12/4/2020,Doritos Mexicana 170g
PIU-1562369095,12/4/2020,Pringles Sweet&Spcy BBQ 134g
PIU-1562369095,12/4/2020,Kettle Sensations Siracha Lime 150g
PIU-1562369095,12/4/2020,Natural Chip Compny SeaSalt175g
PIU-1562369095,12/4/2020,Twisties Chicken270g
PIU-1562369095,12/4/2020,Smiths Chip Thinly S/Cream&Onion 175g
PIU-1562369118,12/4/2020,Smiths Crinkle Cut Chips Chicken 170g
PIU-1562369141,12/4/2020,Thins Chips Seasonedchicken 175g
PIU-1562369141,12/4/2020,Smiths Crinkle Original 330g
PIU-1562368627,12/3/2020,Doritos Mexicana 170g
PIU-1562368627,12/3/2020,Infuzions BBQ Rib Prawn Crackers 110g
PIU-1562368627,12/3/2020,Kettle Sensations Siracha Lime 150g
PIU-1562368627,12/3/2020,Natural Chip Compny SeaSalt175g
PIU-1562368627,12/3/2020,Twisties Chicken270g
PIU-1562369622,12/4/2020,Kettle Tortilla ChpsHny&Jlpno Chili 150g
PIU-1562369622,12/4/2020,Kettle Tortilla ChpsHny&Jlpno Chili 150g
PIU-1562369622,12/4/2020,Thins Chips Seasonedchicken 175g
PIU-1562369092,12/4/2020,Smiths Chip Thinly S/Cream&Onion 175g
PIU-1562369092,12/4/2020,Smiths Crinkle Original 330g
PIU-1562369092,12/4/2020,Supreme Tasty Chicken Instant Noodles 70g
PIU-1562369092,12/4/2020,Thins Chips Seasonedchicken 175g
PIU-1562369535,12/4/2020,Old El Paso Salsa Dip Tomato Mild 300g
PIU-1562369535,12/4/2020,Thins Chips Originl saltd 175g
PIU-1562369535,12/4/2020,Thins Chips Seasonedchicken 175g
PIU-1562369535,12/4/2020,Radiant Detergent Powder (200g+20g) x 24
PIU-1562369535,12/4/2020,Radiant Detergent Powder 800g x 6
PIU-1562369535,12/4/2020,Radiant Detergent Powder (90g+10g) x 48
PIU-1562369535,12/4/2020,Kettle Tortilla ChpsHny&Jlpno Chili 150g
PIU-1562369535,12/4/2020,Smiths Crinkle Cut Chips Chicken 170g
PIU-1562369535,12/4/2020,Smiths Crinkle Original 330g
PIU-1562369535,12/4/2020,Dorito Corn Chp Supreme 380g
PIU-1562369535,12/4/2020,Woolworths Mild Salsa 300g
PIU-1562369535,12/4/2020,Grain Waves Sour Cream&Chives 210G
PIU-1562369535,12/4/2020,WW Crinkle Cut Chicken 175g
PIU-1562369535,12/4/2020,Pringles Sweet&Spcy BBQ 134g
PIU-1562369535,12/4/2020,Doritos Mexicana 170g
PIU-1562369535,12/4/2020,Kettle Sensations Siracha Lime 150g
PIU-1562369535,12/4/2020,French Fries Potato Chips 175g
PIU-1562369535,12/4/2020,Natural Chip Compny SeaSalt175g
PIU-1562369535,12/4/2020,Twisties Chicken270g
PIU-1562369535,12/4/2020,Grain Waves Sweet Chilli 210g
PIU-1562369535,12/4/2020,Smiths Crinkle Chips Salt & Vinegar 330g
PIU-1562369535,12/4/2020,Smiths Crinkle Cut French OnionDip 150g
PIU-1562369874,12/5/2020,Smiths Chip Thinly S/Cream&Onion 175g
PIU-1562369874,12/5/2020,Smiths Crinkle Chips Salt & Vinegar 330g
PIU-1562370110,12/6/2020,WW Crinkle Cut Chicken 175g
PIU-1562370113,12/6/2020,Natural Chip Compny SeaSalt175g
PIU-1562370113,12/6/2020,Doritos Mexicana 170g
PIU-1562369836,12/5/2020,Smiths Crinkle Cut Chips Chicken 170g
PIU-1562369836,12/5/2020,Smiths Chip Thinly S/Cream&Onion 175g
PIU-1562370028,12/5/2020,Smiths Crinkle Cut Chips Chicken 170g
PIU-1562371251,12/7/2020,Smiths Crinkle Chips Salt & Vinegar 330g
PIU-1562370718,12/7/2020,Smiths Crinkle Chips Salt & Vinegar 330g
PIU-1562370718,12/7/2020,Kettle Tortilla ChpsHny&Jlpno Chili 150g
PIU-1562370718,12/7/2020,Kettle Tortilla ChpsHny&Jlpno Chili 150g
PIU-1562370718,12/7/2020,WW Crinkle Cut Chicken 175g
PIU-1562370718,12/7/2020,Thins Chips Seasonedchicken 175g
PIU-1562370718,12/7/2020,Infzns Crn Crnchers Tangy Gcamole 110g
PIU-1562371357,12/7/2020,Smiths Crinkle Chips Salt & Vinegar 330g
PIU-1562371357,12/7/2020,Pringles Sweet&Spcy BBQ 134g
PIU-1562369289,12/4/2020,Smiths Crinkle Chips Salt & Vinegar 330g
PIU-1562369289,12/4/2020,Old El Paso Salsa Dip Tomato Mild 300g
PIU-1562370818,12/7/2020,Smiths Crinkle Chips Salt & Vinegar 330g
PIU-1562371997,12/8/2020,WW Original Corn Chips 200g
PIU-1562372279,12/8/2020,WW Original Corn Chips 200g
PIU-1562372437,12/8/2020,Smiths Chip Thinly S/Cream&Onion 175g
PIU-1562371675,12/8/2020,WW Original Corn Chips 200g
PIU-1562371675,12/8/2020,Thins Chips Seasonedchicken 175g
PIU-1562373333,12/9/2020,WW Original Corn Chips 200g
PIU-1562373333,12/9/2020,Smiths Chip Thinly S/Cream&Onion 175g
PIU-1562373333,12/9/2020,Smiths Crinkle Cut Chips Chicken 170g
PIU-1562373333,12/9/2020,Smiths Crinkle Cut French OnionDip 150g
PIU-1562373804,12/9/2020,Smiths Crinkle Chips Salt & Vinegar 330g
PIU-1562373655,12/9/2020,Smiths Crinkle Cut Chips Chicken 170g
PIU-1562373655,12/9/2020,Smiths Chip Thinly S/Cream&Onion 175g
PIU-1562373688,12/9/2020,Smiths Crinkle Cut Chips Chicken 170g
PIU-1562373688,12/9/2020,Smiths Chip Thinly S/Cream&Onion 175g
PIU-1562373688,12/9/2020,Smiths Crinkle Chips Salt & Vinegar 330g
PIU-1562373474,12/9/2020,Smiths Chip Thinly S/Cream&Onion 175g
PIU-1562372778,12/9/2020,Smiths Chip Thinly S/Cream&Onion 175g
PIU-1562372778,12/9/2020,WW Original Corn Chips 200g
PIU-1562374741,12/10/2020,Smiths Chip Thinly S/Cream&Onion 175g
PIU-1562374937,12/10/2020,Smiths Chip Thinly S/Cream&Onion 175g
PIU-1562374937,12/10/2020,Grain Waves Sweet Chilli 210g
PIU-1562374937,12/10/2020,Smiths Crinkle Chips Salt & Vinegar 330g
PIU-1562374793,12/10/2020,Kettle Tortilla ChpsHny&Jlpno Chili 150g
PIU-1562374793,12/10/2020,Tostitos Lightly Salted 175g
PIU-1562374793,12/10/2020,Smiths Crinkle Chips Salt & Vinegar 330g
PIU-1562375105,12/10/2020,Red Rock Deli Thai Chilli&Lime 150g
PIU-1562375130,12/10/2020,Smiths Chip Thinly S/Cream&Onion 175g
PIU-1562375169,12/10/2020,Smiths Crinkle Original 330g
PIU-1562375169,12/10/2020,Smiths Crinkle Cut French OnionDip 150g
PIU-1562375855,12/11/2020,Grain Waves Sweet Chilli 210g
PIU-1562375855,12/11/2020,Smiths Crinkle Chips Salt & Vinegar 330g
PIU-1562375855,12/11/2020,Thins Chips Light& Tangy 175g
PIU-1562376530,12/11/2020,Thins Chips Originl saltd 175g
PIU-1562376530,12/11/2020,Old El Paso Salsa Dip Tomato Mild 300g
PIU-1562376530,12/11/2020,Smiths Crinkle Original 330g
PIU-1562376530,12/11/2020,Smiths Chip Thinly S/Cream&Onion 175g
PIU-1562376423,12/11/2020,Old El Paso Salsa Dip Tomato Mild 300g
PIU-1562376520,12/11/2020,WW Original Corn Chips 200g
PIU-1562376114,12/11/2020,WW Original Corn Chips 200g
PIU-1562376114,12/11/2020,Smiths Crinkle Cut Chips Chicken 170g
PIU-1562376117,12/11/2020,Smiths Chip Thinly S/Cream&Onion 175g
PIU-1562376543,12/11/2020,Smiths Chip Thinly S/Cream&Onion 175g
PIU-1562376543,12/11/2020,Smiths Crinkle Cut Chips Chicken 170g
PIU-1562375271,12/10/2020,Thins Chips Light& Tangy 175g
PIU-1562375271,12/10/2020,Thins Chips Light& Tangy 175g
PIU-1562375271,12/10/2020,Kettle 135g Swt Pot Sea Salt
PIU-1562375271,12/10/2020,Kettle Tortilla ChpsHny&Jlpno Chili 150g
PIU-1562377522,12/13/2020,Smiths Chip Thinly S/Cream&Onion 175g
PIU-1562377522,12/13/2020,Kettle Tortilla ChpsHny&Jlpno Chili 150g
PIU-1562377522,12/13/2020,Red Rock Deli Thai Chilli&Lime 150g
PIU-1562377522,12/13/2020,Smiths Crinkle Cut Chips Chicken 170g
PIU-1562377102,12/12/2020,Supreme Tasty Chicken Instant Noodles 70g
PIU-1562377191,12/12/2020,Smiths Crinkle Cut French OnionDip 150g
PIU-1562377191,12/12/2020,Grain Waves Sweet Chilli 210g
PIU-1562377191,12/12/2020,Smiths Crinkle Chips Salt & Vinegar 330g
PIU-1562376767,12/12/2020,Smiths Crinkle Chips Salt & Vinegar 330g
PIU-1562376767,12/12/2020,Smiths Crinkle Cut French OnionDip 150g
PIU-1562376767,12/12/2020,Smiths Crinkle Cut Chips Chicken 170g
PIU-1562376617,12/11/2020,Smiths Crinkle Cut Chips Chicken 170g
PIU-1562376617,12/11/2020,Smiths Crinkle Original 330g
PIU-1562376617,12/11/2020,Smiths Chip Thinly S/Cream&Onion 175g
PIU-1562377529,12/13/2020,Smiths Crinkle Chips Salt & Vinegar 330g
PIU-1562377529,12/13/2020,Grain Waves Sweet Chilli 210g
PIU-1562377529,12/13/2020,Infzns Crn Crnchers Tangy Gcamole 110g
PIU-1562376895,12/12/2020,Kettle 135g Swt Pot Sea Salt
PIU-1562377017,12/12/2020,Red Rock Deli Thai Chilli&Lime 150g
PIU-1562377017,12/12/2020,Smiths Crinkle Cut Chips Chicken 170g
PIU-1562377513,12/13/2020,Red Rock Deli Thai Chilli&Lime 150g
PIU-1562377513,12/13/2020,Smiths Crinkle Cut Chips Chicken 170g
PIU-1562377623,12/14/2020,Kettle 135g Swt Pot Sea Salt
PIU-1562377585,12/14/2020,Smiths Chip Thinly S/Cream&Onion 175g
PIU-1562378760,12/14/2020,Grain Waves Sweet Chilli 210g
PIU-1562377555,12/14/2020,Radiant Detergent Powder 800g x 6
PIU-1562377555,12/14/2020,Infuzions BBQ Rib Prawn Crackers 110g
PIU-1562378761,12/14/2020,WW Original Corn Chips 200g
PIU-1562377532,12/13/2020,Smiths Crinkle Cut Chips Chicken 170g
PIU-1562376825,12/12/2020,Infzns Crn Crnchers Tangy Gcamole 110g
PIU-1562378621,12/14/2020,Smiths Chip Thinly S/Cream&Onion 175g
PIU-1562378621,12/14/2020,Kettle Tortilla ChpsHny&Jlpno Chili 150g
PIU-1562378621,12/14/2020,Smiths Crinkle Original 330g
PIU-1562378621,12/14/2020,Kettle Sensations Siracha Lime 150g
PIU-1562378621,12/14/2020,Pringles Sweet&Spcy BBQ 134g
PIU-1562378621,12/14/2020,Doritos Mexicana 170g
PIU-1562378621,12/14/2020,Natural Chip Compny SeaSalt175g
PIU-1562378621,12/14/2020,French Fries Potato Chips 175g
PIU-1562378621,12/14/2020,Twisties Chicken270g
PIU-1562378621,12/14/2020,Smiths Crinkle Chips Salt & Vinegar 330g
PIU-1562378621,12/14/2020,Grain Waves Sweet Chilli 210g
PIU-1562379921,12/15/2020,Pringles Sweet&Spcy BBQ 134g
PIU-1562379768,12/15/2020,Kettle Sensations Siracha Lime 150g
PIU-1562379768,12/15/2020,French Fries Potato Chips 175g
PIU-1562379759,12/15/2020,Kettle Sensations Siracha Lime 150g
PIU-1562379759,12/15/2020,French Fries Potato Chips 175g
PIU-1562379818,12/15/2020,Kettle Sensations Siracha Lime 150g
PIU-1562379818,12/15/2020,French Fries Potato Chips 175g
PIU-1562379818,12/15/2020,Pringles Sweet&Spcy BBQ 134g
PIU-1562379818,12/15/2020,Infuzions BBQ Rib Prawn Crackers 110g
PIU-1562379737,12/15/2020,Kettle Sensations Siracha Lime 150g
PIU-1562377301,12/12/2020,WW Original Corn Chips 200g
PIU-1562379892,12/15/2020,Smiths Chip Thinly S/Cream&Onion 175g
PIU-1562379033,12/14/2020,Kettle Tortilla ChpsHny&Jlpno Chili 150g
PIU-1562379033,12/14/2020,Supreme Tasty Chicken Instant Noodles 70g
PIU-1562380166,12/16/2020,WW Original Corn Chips 200g
PIU-1562380166,12/16/2020,Infzns Crn Crnchers Tangy Gcamole 110g
PIU-1562380904,12/16/2020,Kettle Sensations Siracha Lime 150g
PIU-1562380904,12/16/2020,Pringles Sweet&Spcy BBQ 134g
PIU-1562380904,12/16/2020,French Fries Potato Chips 175g
PIU-1562380904,12/16/2020,Doritos Mexicana 170g
PIU-1562380518,12/16/2020,Smiths Crinkle Original 330g
PIU-1562379997,12/15/2020,Kettle Tortilla ChpsHny&Jlpno Chili 150g
PIU-1562379997,12/15/2020,Red Rock Deli Thai Chilli&Lime 150g
PIU-1562379997,12/15/2020,Smiths Crinkle Cut Chips Chicken 170g
PIU-1562379997,12/15/2020,Smiths Crinkle Original 330g
PIU-1562379997,12/15/2020,Tostitos Lightly Salted 175g
PIU-1562379997,12/15/2020,Smiths Crinkle Chips Salt & Vinegar 330g
PIU-1562380978,12/16/2020,WW Original Corn Chips 200g
PIU-1562380978,12/16/2020,Smiths Crinkle Original 330g
PIU-1562380880,12/16/2020,WW Original Corn Chips 200g
PIU-1562380880,12/16/2020,Smiths Chip Thinly S/Cream&Onion 175g
PIU-1562380880,12/16/2020,Grain Waves Sweet Chilli 210g
PIU-1562380880,12/16/2020,Smiths Crinkle Chips Salt & Vinegar 330g
PIU-1562380861,12/16/2020,Smiths Crinkle Cut Chips Chicken 170g
PIU-1562377864,12/14/2020,WW Original Corn Chips 200g
PIU-1562379260,12/15/2020,Supreme Tasty Chicken Instant Noodles 70g
PIU-1562381855,12/17/2020,Old El Paso Salsa Dip Tomato Mild 300g
PIU-1562381855,12/17/2020,Smiths Chip Thinly S/Cream&Onion 175g
PIU-1562381855,12/17/2020,Kettle Tortilla ChpsHny&Jlpno Chili 150g
PIU-1562381855,12/17/2020,Red Rock Deli Thai Chilli&Lime 150g
PIU-1562381855,12/17/2020,WW Crinkle Cut Chicken 175g
PIU-1562381855,12/17/2020,Pringles Sweet&Spcy BBQ 134g
PIU-1562381855,12/17/2020,Doritos Mexicana 170g
PIU-1562381855,12/17/2020,Radiant Detergent Powder 800g x 6
PIU-1562381855,12/17/2020,Grain Waves Sweet Chilli 210g
PIU-1562381855,12/17/2020,Smiths Crinkle Cut French OnionDip 150g
PIU-1562381855,12/17/2020,Smiths Crinkle Chips Salt & Vinegar 330g
PIU-1562381908,12/17/2020,French Fries Potato Chips 175g
PIU-1562381908,12/17/2020,Doritos Mexicana 170g
PIU-1562381220,12/17/2020,Infzns Crn Crnchers Tangy Gcamole 110g
PIU-1562381724,12/17/2020,Smiths Crinkle Chips Salt & Vinegar 330g
PIU-1562381496,12/17/2020,Smiths Chip Thinly S/Cream&Onion 175g
PIU-1562381496,12/17/2020,Smiths Crinkle Cut Chips Chicken 170g
PIU-1562381496,12/17/2020,Smiths Crinkle Chips Salt & Vinegar 330g
PIU-1562382022,12/17/2020,Smiths Crinkle Cut Chips Chicken 170g
PIU-1562382022,12/17/2020,Smiths Chip Thinly S/Cream&Onion 175g
PIU-1562382022,12/17/2020,Red Rock Deli Thai Chilli&Lime 150g
PIU-1562381992,12/17/2020,Kettle Sensations Siracha Lime 150g
PIU-1562381992,12/17/2020,French Fries Potato Chips 175g
PIU-1562381992,12/17/2020,Pringles Sweet&Spcy BBQ 134g
PIU-1562381992,12/17/2020,Doritos Mexicana 170g
PIU-1562380285,12/16/2020,Grain Waves Sour Cream&Chives 210G
PIU-1562381500,12/17/2020,Kettle Sensations Siracha Lime 150g
PIU-1562381500,12/17/2020,Doritos Mexicana 170g
PIU-1562381508,12/17/2020,WW Original Corn Chips 200g
PIU-1562382745,12/18/2020,Smiths Chip Thinly S/Cream&Onion 175g
PIU-1562382745,12/18/2020,Grain Waves Sweet Chilli 210g
PIU-1562382745,12/18/2020,Smiths Crinkle Chips Salt & Vinegar 330g
PIU-1562382612,12/18/2020,Kettle Sensations Camembert & Fig 150g
PIU-1562382612,12/18/2020,Grain Waves Sweet Chilli 210g
PIU-1562382323,12/18/2020,Kettle Tortilla ChpsHny&Jlpno Chili 150g
PIU-1562382109,12/17/2020,Kettle Tortilla ChpsHny&Jlpno Chili 150g
PIU-1562382109,12/17/2020,Smiths Chip Thinly S/Cream&Onion 175g
PIU-1562382109,12/17/2020,Kettle Tortilla ChpsHny&Jlpno Chili 150g
PIU-1562382109,12/17/2020,Kettle Tortilla ChpsHny&Jlpno Chili 150g
PIU-1562382109,12/17/2020,Kettle Sensations Camembert & Fig 150g
PIU-1562382109,12/17/2020,Old El Paso Salsa Dip Tomato Mild 300g
PIU-1562382251,12/18/2020,WW Original Corn Chips 200g
PIU-1562382251,12/18/2020,Smiths Crinkle Cut Chips Chicken 170g
PIU-1562382251,12/18/2020,Smiths Chip Thinly S/Cream&Onion 175g
PIU-1562383393,12/20/2020,Smiths Crinkle Original 330g
PIU-1562383393,12/20/2020,Old El Paso Salsa Dip Tomato Mild 300g
PIU-1562383380,12/20/2020,Old El Paso Salsa Dip Tomato Mild 300g
PIU-1562383235,12/19/2020,Red Rock Deli Thai Chilli&Lime 150g
PIU-1562383235,12/19/2020,Smiths Chip Thinly S/Cream&Onion 175g
PIU-1562383235,12/19/2020,Smiths Crinkle Cut French OnionDip 150g
PIU-1562382866,12/19/2020,Thins Chips Seasonedchicken 175g
PIU-1562383389,12/20/2020,Supreme Tasty Chicken Instant Noodles 70g
PIU-1562383410,12/20/2020,Kettle Sensations Siracha Lime 150g
PIU-1562383410,12/20/2020,Natural Chip Compny SeaSalt175g
PIU-1562383410,12/20/2020,WW Crinkle Cut Chicken 175g
PIU-1562383410,12/20/2020,Red Rock Deli Thai Chilli&Lime 150g
PIU-1562383240,12/19/2020,Smiths Chip Thinly S/Cream&Onion 175g
PIU-1562383240,12/19/2020,Smiths Crinkle Cut Chips Chicken 170g
PIU-1562383369,12/20/2020,Smiths Crinkle Cut Chips Chicken 170g
PIU-1562384299,12/21/2020,Kettle Sensations Camembert & Fig 150g
PIU-1562384329,12/21/2020,Smiths Chip Thinly S/Cream&Onion 175g
PIU-1562384338,12/21/2020,Smiths Crinkle Chips Salt & Vinegar 330g
PIU-1562384338,12/21/2020,Grain Waves Sweet Chilli 210g
PIU-1562384702,12/21/2020,WW Original Corn Chips 200g
PIU-1562384702,12/21/2020,Thins Chips Seasonedchicken 175g
PIU-1562383948,12/21/2020,Thins Chips Seasonedchicken 175g
PIU-1562383948,12/21/2020,WW Original Corn Chips 200g
PIU-1562384551,12/21/2020,Natural Chip Compny SeaSalt175g
PIU-1562384551,12/21/2020,Pringles Sweet&Spcy BBQ 134g
PIU-1562384551,12/21/2020,Doritos Mexicana 170g
PIU-1562384551,12/21/2020,Twisties Chicken270g
PIU-1562384322,12/21/2020,WW Original Corn Chips 200g
PIU-1562384377,12/21/2020,Smiths Chip Thinly S/Cream&Onion 175g
PIU-1562384377,12/21/2020,Pringles Sweet&Spcy BBQ 134g
PIU-1562384377,12/21/2020,Kettle Sensations Siracha Lime 150g
PIU-1562384377,12/21/2020,French Fries Potato Chips 175g
PIU-1562383707,12/21/2020,Smiths Chip Thinly S/Cream&Onion 175g
PIU-1562383445,12/21/2020,Smiths Crinkle Original 330g
PIU-1562384157,12/21/2020,Thins Chips Seasonedchicken 175g
PIU-1562384157,12/21/2020,WW Original Corn Chips 200g
PIU-1562384680,12/21/2020,WW Original Corn Chips 200g
PIU-1562384678,12/21/2020,Smiths Crinkle Cut Chips Chicken 170g
PIU-1562384678,12/21/2020,Smiths Crinkle Original 330g
PIU-1562384678,12/21/2020,Grain Waves Sour Cream&Chives 210G
PIU-1562384678,12/21/2020,Smiths Crinkle Chips Salt & Vinegar 330g
PIU-1562383762,12/21/2020,Smiths Crinkle Cut Chips Chicken 170g
PIU-1562384761,12/21/2020,Smiths Crinkle Chips Salt & Vinegar 330g
PIU-1562384761,12/21/2020,Red Rock Deli Thai Chilli&Lime 150g
PIU-1562385502,12/22/2020,Kettle Sensations Siracha Lime 150g
PIU-1562385502,12/22/2020,Pringles Sweet&Spcy BBQ 134g
PIU-1562385498,12/22/2020,Natural Chip Compny SeaSalt175g
PIU-1562385498,12/22/2020,Doritos Mexicana 170g
PIU-1562384734,12/21/2020,Smiths Chip Thinly S/Cream&Onion 175g
PIU-1562385462,12/22/2020,Red Rock Deli Thai Chilli&Lime 150g
PIU-1562385473,12/22/2020,Smiths Crinkle Cut Chips Chicken 170g
PIU-1562385473,12/22/2020,Smiths Chip Thinly S/Cream&Onion 175g
PIU-1562385282,12/22/2020,Smiths Chip Thinly S/Cream&Onion 175g
PIU-1562385282,12/22/2020,Red Rock Deli Thai Chilli&Lime 150g
PIU-1562385282,12/22/2020,Grain Waves Sour Cream&Chives 210G
PIU-1562385282,12/22/2020,WW Crinkle Cut Chicken 175g
PIU-1562385623,12/22/2020,Smiths Crinkle Original 330g
PIU-1562384837,12/22/2020,Smiths Crinkle Cut Chips Chicken 170g
PIU-1562384837,12/22/2020,Smiths Chip Thinly S/Cream&Onion 175g
PIU-1562385648,12/22/2020,Pringles Sweet&Spcy BBQ 134g
PIU-1562385648,12/22/2020,Kettle Sensations Siracha Lime 150g
PIU-1562385532,12/22/2020,Smiths Chip Thinly S/Cream&Onion 175g
PIU-1562385536,12/22/2020,Smiths Crinkle Cut Chips Chicken 170g
PIU-1562386013,12/23/2020,French Fries Potato Chips 175g
PIU-1562386013,12/23/2020,Kettle Sensations Siracha Lime 150g
PIU-1562386451,12/23/2020,Thins Chips Seasonedchicken 175g
PIU-1562386451,12/23/2020,WW Original Corn Chips 200g
PIU-1562386580,12/23/2020,WW Original Corn Chips 200g
PIU-1562386338,12/23/2020,Kettle Sensations Siracha Lime 150g
PIU-1562386567,12/23/2020,WW Original Corn Chips 200g
PIU-1562386584,12/23/2020,Kettle Sensations Siracha Lime 150g
PIU-1562384313,12/21/2020,WW Original Corn Chips 200g
PIU-1562384313,12/21/2020,Red Rock Deli Thai Chilli&Lime 150g
PIU-1562384313,12/21/2020,Smiths Crinkle Chips Salt & Vinegar 330g
PIU-1562384313,12/21/2020,Supreme Tasty Chicken Instant Noodles 70g
PIU-1562384313,12/21/2020,Kettle Sensations Siracha Lime 150g
PIU-1562384715,12/21/2020,WW Original Corn Chips 200g
PIU-1562384715,12/21/2020,Thins Chips Seasonedchicken 175g
PIU-1562386294,12/23/2020,Smiths Crinkle Original 330g
PIU-1562386926,12/24/2020,Smiths Crinkle Chips Salt & Vinegar 330g
PIU-1562386945,12/25/2020,Grain Waves Sweet Chilli 210g
PIU-1562386859,12/24/2020,Thins Chips Seasonedchicken 175g
PIU-1562386859,12/24/2020,WW Original Corn Chips 200g
PIU-1562386859,12/24/2020,Natural Chip Compny SeaSalt175g
PIU-1562386859,12/24/2020,Kettle Sensations Siracha Lime 150g
PIU-1562386859,12/24/2020,Pringles Sweet&Spcy BBQ 134g
PIU-1562386859,12/24/2020,Doritos Mexicana 170g
PIU-1562386898,12/24/2020,Smiths Crinkle Original 330g
PIU-1562386953,12/25/2020,WW Original Corn Chips 200g
PIU-1562386953,12/25/2020,Kettle Sensations Siracha Lime 150g
PIU-1562387063,12/27/2020,Thins Chips Seasonedchicken 175g
PIU-1562387093,12/27/2020,Kettle 135g Swt Pot Sea Salt
PIU-1562387093,12/27/2020,Smiths Chip Thinly S/Cream&Onion 175g
PIU-1562387093,12/27/2020,Smiths Crinkle Cut Chips Chicken 170g
PIU-1562387674,12/28/2020,WW Original Corn Chips 200g
PIU-1562387674,12/28/2020,Smiths Crinkle Chips Salt & Vinegar 330g
PIU-1562387738,12/28/2020,Doritos Mexicana 170g
PIU-1562387738,12/28/2020,Kettle Sensations Siracha Lime 150g
PIU-1562387738,12/28/2020,WW Original Corn Chips 200g
PIU-1562387331,12/28/2020,Grain Waves Sweet Chilli 210g
PIU-1562387331,12/28/2020,WW Original Corn Chips 200g
PIU-1562387331,12/28/2020,Smiths Crinkle Cut Chips Chicken 170g
PIU-1562387759,12/28/2020,Natural Chip Compny SeaSalt175g
PIU-1562387759,12/28/2020,Kettle Sensations Siracha Lime 150g
PIU-1562387759,12/28/2020,Pringles Sweet&Spcy BBQ 134g
PIU-1562387759,12/28/2020,Infuzions BBQ Rib Prawn Crackers 110g
PIU-1562387759,12/28/2020,Doritos Mexicana 170g
PIU-1562387759,12/28/2020,WW Original Corn Chips 200g
PIU-1562387759,12/28/2020,Thins Chips Seasonedchicken 175g
PIU-1562387708,12/28/2020,Kettle Sensations Siracha Lime 150g
PIU-1562387708,12/28/2020,French Fries Potato Chips 175g
PIU-1562387708,12/28/2020,Natural Chip Compny SeaSalt175g
PIU-1562387184,12/28/2020,WW Original Corn Chips 200g
PIU-1562387617,12/28/2020,Kettle Sensations Siracha Lime 150g
PIU-1562387529,12/28/2020,WW Original Corn Chips 200g
PIU-1562387545,12/28/2020,Smiths Crinkle Cut Chips Chicken 170g
PIU-1562387554,12/28/2020,Kettle Sensations Siracha Lime 150g
PIU-1562386946,12/25/2020,Smiths Crinkle Cut Chips Chicken 170g
PIU-1562386946,12/25/2020,WW Original Corn Chips 200g
PIU-1562387207,12/28/2020,Smiths Crinkle Cut Chips Chicken 170g
PIU-1562387573,12/28/2020,Smiths Crinkle Chips Salt & Vinegar 330g
PIU-1562387573,12/28/2020,Grain Waves Sweet Chilli 210g
PIU-1562387573,12/28/2020,Smiths Crinkle Cut French OnionDip 150g
PIU-1562387573,12/28/2020,WW Original Corn Chips 200g
PIU-1562387573,12/28/2020,Thins Chips Seasonedchicken 175g
PIU-1562387573,12/28/2020,Radiant Detergent Powder 800g x 6
PIU-1562387784,12/28/2020,Dorito Corn Chp Supreme 380g
PIU-1562388898,12/29/2020,Grain Waves Sweet Chilli 210g
PIU-1562388898,12/29/2020,WW Original Corn Chips 200g
PIU-1562388898,12/29/2020,Supreme Tasty Chicken Instant Noodles 70g
PIU-1562389012,12/29/2020,WW Original Corn Chips 200g
PIU-1562389012,12/29/2020,Smiths Crinkle Chips Salt & Vinegar 330g
PIU-1562389062,12/29/2020,Smiths Crinkle Cut Chips Chicken 170g
PIU-1562389067,12/29/2020,WW Original Corn Chips 200g
PIU-1562389067,12/29/2020,Thins Chips Seasonedchicken 175g
PIU-1562387347,12/28/2020,Supreme Tasty Chicken Instant Noodles 70g
PIU-1562387347,12/28/2020,Smiths Crinkle Cut Chips Chicken 170g
PIU-1562388089,12/29/2020,WW Original Corn Chips 200g
PIU-1562388089,12/29/2020,Red Rock Deli Thai Chilli&Lime 150g
PIU-1562388035,12/29/2020,Kettle Tortilla ChpsHny&Jlpno Chili 150g
PIU-1562388035,12/29/2020,Red Rock Deli Thai Chilli&Lime 150g
PIU-1562388228,12/29/2020,Red Rock Deli Thai Chilli&Lime 150g
PIU-1562389163,12/30/2020,Smiths Crinkle Cut Chips Chicken 170g
PIU-1562389163,12/30/2020,Smiths Crinkle Chips Salt & Vinegar 330g
PIU-1562389139,12/29/2020,Smiths Crinkle Chips Salt & Vinegar 330g
PIU-1562389980,12/30/2020,WW Crinkle Cut Chicken 175g
PIU-1562389980,12/30/2020,WW Original Corn Chips 200g
PIU-1562389141,12/29/2020,WW Original Corn Chips 200g
PIU-1562389141,12/29/2020,Red Rock Deli Thai Chilli&Lime 150g
PIU-1562389141,12/29/2020,WW Crinkle Cut Chicken 175g
PIU-1562389141,12/29/2020,Grain Waves Sweet Chilli 210g
PIU-1562389141,12/29/2020,Smiths Crinkle Chips Salt & Vinegar 330g
PIU-1562389555,12/30/2020,Dorito Corn Chp Supreme 380g
PIU-1562389828,12/30/2020,WW Original Corn Chips 200g
PIU-1562389828,12/30/2020,Red Rock Deli Thai Chilli&Lime 150g
PIU-1562389886,12/30/2020,Ariel Hs 400g x 12
PIU-1562389136,12/29/2020,Smiths Crinkle Cut Chips Chicken 170g
PIU-1562390457,12/31/2020,Kettle 135g Swt Pot Sea Salt
PIU-1562390457,12/31/2020,Smiths Chip Thinly S/Cream&Onion 175g
PIU-1562390538,12/31/2020,Smiths Crinkle Chips Salt & Vinegar 330g
PIU-1562390539,12/31/2020,Smiths Crinkle Cut Chips Chicken 170g
PIU-1562390224,12/31/2020,Smiths Crinkle Cut Chips Chicken 170g
PIU-1562390279,12/31/2020,Kettle Tortilla ChpsHny&Jlpno Chili 150g
PIU-1562390279,12/31/2020,Smiths Crinkle Cut Chips Chicken 170g
PIU-1562390279,12/31/2020,Grain Waves Sour Cream&Chives 210G
PIU-1562390279,12/31/2020,WW Crinkle Cut Chicken 175g
PIU-1562390279,12/31/2020,Natural Chip Compny SeaSalt175g
PIU-1562390279,12/31/2020,Kettle Sensations Siracha Lime 150g
PIU-1562381181,12/17/2020,Smiths Chip Thinly S/Cream&Onion 175g
PIU-1562381181,12/17/2020,Red Rock Deli Thai Chilli&Lime 150g
PIU-1562381181,12/17/2020,Tostitos Lightly Salted 175g
PIU-1562381181,12/17/2020,WW Crinkle Cut Chicken 175g
PIU-1562381181,12/17/2020,Grain Waves Sweet Chilli 210g
PIU-1562381181,12/17/2020,Smiths Crinkle Chips Salt & Vinegar 330g
PIU-1562379758,12/15/2020,Kettle Sensations Siracha Lime 150g
PIU-1562379758,12/15/2020,French Fries Potato Chips 175g
PIU-1562368792,12/4/2020,Kettle Tortilla ChpsHny&Jlpno Chili 150g
PIU-1562368792,12/4/2020,French Fries Potato Chips 175g
PIU-1562368792,12/4/2020,Grain Waves Sweet Chilli 210g
PIU-1562365992,12/1/2020,Ariel Original Laundry Detergent Powder 800g x 8
PIU-1562365992,12/1/2020,Kettle Tortilla ChpsHny&Jlpno Chili 150g
PIU-1562365992,12/1/2020,Thins Chips Originl saltd 175g
PIU-1562387320,12/28/2020,Kettle Sensations Siracha Lime 150g
PIU-1562387320,12/28/2020,Pringles Sweet&Spcy BBQ 134g
PIU-1562387320,12/28/2020,Doritos Mexicana 170g
PIU-1562389923,12/30/2020,Pringles Sweet&Spcy BBQ 134g
PIU-1562389923,12/30/2020,Doritos Mexicana 170g
PIU-1562389923,12/30/2020,Grain Waves Sour Cream&Chives 210G
PIU-1562389923,12/30/2020,WW Crinkle Cut Chicken 175g
PIU-1562389923,12/30/2020,Smiths Crinkle Chips Salt & Vinegar 330g
PIU-1562389923,12/30/2020,Grain Waves Sweet Chilli 210g
PIU-1562389923,12/30/2020,Thins Chips Seasonedchicken 175g
PIU-1562389923,12/30/2020,WW Original Corn Chips 200g
PIU-1562389923,12/30/2020,Supreme Tasty Chicken Instant Noodles 70g
PIU-1562367113,12/2/2020,Kettle 135g Swt Pot Sea Salt
PIU-1562372735,12/8/2020,Thins Chips Light& Tangy 175g
PIU-1562372735,12/8/2020,Thins Chips Light& Tangy 175g
PIU-1562372735,12/8/2020,Smiths Crinkle Chips Salt & Vinegar 330g
PIU-1562378569,12/14/2020,Kettle Tortilla ChpsHny&Jlpno Chili 150g
PIU-1562378569,12/14/2020,Supreme Tasty Chicken Instant Noodles 70g
PIU-1562379995,12/15/2020,WW Original Corn Chips 200g
PIU-1562379995,12/15/2020,Grain Waves Sweet Chilli 210g
PIU-1562370221,12/7/2020,Supreme Tasty Chicken Instant Noodles 70g
PIU-1562370221,12/7/2020,Kettle Sensations Siracha Lime 150g
PIU-1562370221,12/7/2020,Grain Waves Sweet Chilli 210g
PIU-1562379013,12/14/2020,French Fries Potato Chips 175g
PIU-1562379013,12/14/2020,Pringles Sweet&Spcy BBQ 134g
PIU-1562379013,12/14/2020,Kettle Sensations Siracha Lime 150g
PIU-1562379013,12/14/2020,Smiths Crinkle Cut Chips Chicken 170g
PIU-1562379013,12/14/2020,Smiths Chip Thinly S/Cream&Onion 175g
PIU-1562380953,12/16/2020,WW Original Corn Chips 200g
PIU-1562380953,12/16/2020,Thins Chips Seasonedchicken 175g
PIU-1562380953,12/16/2020,Smiths Crinkle Original 330g
PIU-1562366108,12/1/2020,Grain Waves Sweet Chilli 210g
PIU-1562369549,12/4/2020,Pringles Sweet&Spcy BBQ 134g
PIU-1562369549,12/4/2020,Doritos Mexicana 170g
PIU-1562369549,12/4/2020,Smiths Crinkle Chips Salt & Vinegar 330g
PIU-1562369549,12/4/2020,Grain Waves Sweet Chilli 210g
PIU-1562369549,12/4/2020,Sunlight Destiny Powder Pink 72x80g
PIU-1562369549,12/4/2020,Thins Chips Seasonedchicken 175g
PIU-1562381499,12/17/2020,Kettle Sensations Siracha Lime 150g
PIU-1562381499,12/17/2020,Doritos Mexicana 170g
PIU-1562385392,12/22/2020,WW Original Corn Chips 200g
PIU-1562385392,12/22/2020,Smiths Chip Thinly S/Cream&Onion 175g
PIU-1562385392,12/22/2020,Grain Waves Sweet Chilli 210g
